resume_text,job_description,relevance_score
Python developer with 5+ years of experience in Django and FastAPI. Expert in Machine Learning and data science.,"Seeking Python developer experienced with FastAPI, Django, and cloud deployment.",0.8
Python developer with 5+ years of experience in Django and FastAPI. Expert in Machine Learning and data science.,"Full Stack Engineer needed. Must know React, Node.js, and modern DevOps practices.",0.4669621566858189
Python developer with 5+ years of experience in Django and FastAPI. Expert in Machine Learning and data science.,"Machine Learning Engineer position. Requirements: Python, TensorFlow, PyTorch.",0.31920275072697946
Python developer with 5+ years of experience in Django and FastAPI. Expert in Machine Learning and data science.,"DevOps specialist required. Kubernetes, Docker, AWS experience essential.",0.5887765591604379
Python developer with 5+ years of experience in Django and FastAPI. Expert in Machine Learning and data science.,Frontend Developer wanted. React and TypeScript skills required.,0.23532631546869773
"Senior Full Stack Engineer. Expertise: React, Node.js, AWS, Docker, PostgreSQL. 8 years experience.","Seeking Python developer experienced with FastAPI, Django, and cloud deployment.",0.4718473264638127
"Senior Full Stack Engineer. Expertise: React, Node.js, AWS, Docker, PostgreSQL. 8 years experience.","Full Stack Engineer needed. Must know React, Node.js, and modern DevOps practices.",0.8
"Senior Full Stack Engineer. Expertise: React, Node.js, AWS, Docker, PostgreSQL. 8 years experience.","Machine Learning Engineer position. Requirements: Python, TensorFlow, PyTorch.",0.3757492551050796
"Senior Full Stack Engineer. Expertise: React, Node.js, AWS, Docker, PostgreSQL. 8 years experience.","DevOps specialist required. Kubernetes, Docker, AWS experience essential.",0.5991740148023632
"Senior Full Stack Engineer. Expertise: React, Node.js, AWS, Docker, PostgreSQL. 8 years experience.",Frontend Developer wanted. React and TypeScript skills required.,0.21859351531164167
"Data Scientist with strong background in ML/AI. Python, TensorFlow, PyTorch, Pandas, NumPy.","Seeking Python developer experienced with FastAPI, Django, and cloud deployment.",0.4321561890654303
"Data Scientist with strong background in ML/AI. Python, TensorFlow, PyTorch, Pandas, NumPy.","Full Stack Engineer needed. Must know React, Node.js, and modern DevOps practices.",0.2344758967285126
"Data Scientist with strong background in ML/AI. Python, TensorFlow, PyTorch, Pandas, NumPy.","Machine Learning Engineer position. Requirements: Python, TensorFlow, PyTorch.",0.8
"Data Scientist with strong background in ML/AI. Python, TensorFlow, PyTorch, Pandas, NumPy.","DevOps specialist required. Kubernetes, Docker, AWS experience essential.",0.3917709466146195
"Data Scientist with strong background in ML/AI. Python, TensorFlow, PyTorch, Pandas, NumPy.",Frontend Developer wanted. React and TypeScript skills required.,0.35790366321977984
"DevOps Engineer. Experience with Kubernetes, Docker, CI/CD, AWS, GCP, Terraform.","Seeking Python developer experienced with FastAPI, Django, and cloud deployment.",0.5527361684903991
"DevOps Engineer. Experience with Kubernetes, Docker, CI/CD, AWS, GCP, Terraform.","Full Stack Engineer needed. Must know React, Node.js, and modern DevOps practices.",0.21135934900242748
"DevOps Engineer. Experience with Kubernetes, Docker, CI/CD, AWS, GCP, Terraform.","Machine Learning Engineer position. Requirements: Python, TensorFlow, PyTorch.",0.32137924613451924
"DevOps Engineer. Experience with Kubernetes, Docker, CI/CD, AWS, GCP, Terraform.","DevOps specialist required. Kubernetes, Docker, AWS experience essential.",0.8
"DevOps Engineer. Experience with Kubernetes, Docker, CI/CD, AWS, GCP, Terraform.",Frontend Developer wanted. React and TypeScript skills required.,0.3254274314762483
"Frontend Developer. React, TypeScript, Tailwind CSS, Vue.js. 3 years in web development.","Seeking Python developer experienced with FastAPI, Django, and cloud deployment.",0.38666843621891966
"Frontend Developer. React, TypeScript, Tailwind CSS, Vue.js. 3 years in web development.","Full Stack Engineer needed. Must know React, Node.js, and modern DevOps practices.",0.45332851904401633
"Frontend Developer. React, TypeScript, Tailwind CSS, Vue.js. 3 years in web development.","Machine Learning Engineer position. Requirements: Python, TensorFlow, PyTorch.",0.48229972062642695
"Frontend Developer. React, TypeScript, Tailwind CSS, Vue.js. 3 years in web development.","DevOps specialist required. Kubernetes, Docker, AWS experience essential.",0.5810715918506857
"Frontend Developer. React, TypeScript, Tailwind CSS, Vue.js. 3 years in web development.",Frontend Developer wanted. React and TypeScript skills required.,0.8
